child_path,chord_HTML,chord_ID,probability
"1,5",V,5,0.252
"1,4",IV,4,0.182
"1,6",vi,6,0.1
"1,2",ii,2,0.06
"4,1",I,1,0.289
"4,5",V,5,0.28800000000000003
"4,6",vi,6,0.096
"6,4",IV,4,0.232
"6,5",V,5,0.202
"6,1",I,1,0.106
"6,2",ii,2,0.063
"6,3",iii,3,0.06
"5,6",vi,6,0.26
"5,1",I,1,0.211
"5,4",IV,4,0.20500000000000002
"5,2",ii,2,0.064
