chord_ID,chord_HTML,probability,child_path
5,V,0.252,"1,5"
4,IV,0.182,"1,4"
6,vi,0.1,"1,6"
2,ii,0.06,"1,2"
1,I,0.289,"4,1"
5,V,0.28800000000000003,"4,5"
6,vi,0.096,"4,6"
4,IV,0.232,"6,4"
5,V,0.202,"6,5"
1,I,0.106,"6,1"
2,ii,0.063,"6,2"
3,iii,0.06,"6,3"
6,vi,0.26,"5,6"
1,I,0.211,"5,1"
4,IV,0.20500000000000002,"5,4"
2,ii,0.064,"5,2"
